{"cameraMode":{"drawMode":0,"name":"Shaded","section":"Shading Mode"},"sceneLighting":true,"audioPlay":false,"sceneViewState":{"showFog":true,"showMaterialUpdate":false,"showSkybox":true,"showFlares":true,"showImageEffects":true,"showParticleSystems":true},"in2DMode":false,"pivot":{"x":-0.6390506029129028,"y":0.9999814033508301,"z":-7.789883613586426},"rotation":{"x":-0.0036982856690883638,"y":0.9888553619384766,"z":-0.14673085510730744,"w":-0.024923505261540414},"size":10.0,"orthographic":false}