{"cameraMode":{"drawMode":0,"name":"Shaded","section":"Shading Mode"},"sceneLighting":true,"audioPlay":false,"sceneViewState":{"showFog":true,"showMaterialUpdate":false,"showSkybox":false,"showFlares":true,"showImageEffects":true,"showParticleSystems":true},"in2DMode":false,"pivot":{"x":2.2241857051849367,"y":-0.41671308875083926,"z":-5.128963470458984},"rotation":{"x":-0.2874126136302948,"y":-0.3015047609806061,"z":0.09585104137659073,"w":-0.9040564894676209},"size":7.485143661499023,"orthographic":false}