{"cameraMode":{"drawMode":0,"name":"Shaded","section":"Shading Mode"},"sceneLighting":true,"audioPlay":false,"sceneViewState":{"showFog":true,"showMaterialUpdate":false,"showSkybox":false,"showFlares":true,"showImageEffects":true,"showParticleSystems":true},"in2DMode":false,"pivot":{"x":0.789466381072998,"y":1.763516902923584,"z":-4.8226118087768559},"rotation":{"x":0.01044507510960102,"y":0.9857835173606873,"z":-0.1538396179676056,"w":0.06694076955318451},"size":7.485143661499023,"orthographic":false}