{"cameraMode":{"drawMode":0,"name":"Shaded","section":"Shading Mode"},"sceneLighting":true,"audioPlay":false,"sceneViewState":{"showFog":true,"showMaterialUpdate":false,"showSkybox":false,"showFlares":true,"showImageEffects":true,"showParticleSystems":true},"in2DMode":false,"pivot":{"x":-2.8153600692749025,"y":5.237802505493164,"z":-0.5737583637237549},"rotation":{"x":-0.21851307153701783,"y":0.06639290601015091,"z":-0.014903820119798184,"w":-0.9734642505645752},"size":2.210092067718506,"orthographic":false}